"ID","URI","ISSUED","IDENTIFIER","VOCABULARY_FK","CONCEPT_ORDER","LINK"
"94917","http://iso.org/iso3166#CX","2008-12-17 20:39:51.0","CX","13","53",
"94918","http://iso.org/iso3166#CY","2008-12-17 20:39:51.0","CY","13","54",
"94919","http://iso.org/iso3166#CZ","2008-12-17 20:39:51.0","CZ","13","55",
"94920","http://iso.org/iso3166#DE","2008-12-17 20:39:51.0","DE","13","56",
"94921","http://iso.org/iso3166#DJ","2008-12-17 20:39:51.0","DJ","13","57",
"94922","http://iso.org/iso3166#DK","2008-12-17 20:39:51.0","DK","13","58",
"94923","http://iso.org/iso3166#DM","2008-12-17 20:39:51.0","DM","13","59",
"94924","http://iso.org/iso3166#DO","2008-12-17 20:39:51.0","DO","13","60",
"94925","http://iso.org/iso3166#DZ","2008-12-17 20:39:51.0","DZ","13","61",
"94926","http://iso.org/iso3166#EC","2008-12-17 20:39:51.0","EC","13","62",
"94927","http://iso.org/iso3166#EE","2008-12-17 20:39:51.0","EE","13","63",
"94928","http://iso.org/iso3166#EG","2008-12-17 20:39:51.0","EG","13","64",
"94929","http://iso.org/iso3166#EH","2008-12-17 20:39:51.0","EH","13","65",
"94930","http://iso.org/iso3166#ER","2008-12-17 20:39:51.0","ER","13","66",
"94931","http://iso.org/iso3166#ES","2008-12-17 20:39:51.0","ES","13","67",
"94932","http://iso.org/iso3166#ET","2008-12-17 20:39:51.0","ET","13","68",
"94933","http://iso.org/iso3166#FI","2008-12-17 20:39:51.0","FI","13","69",
"94934","http://iso.org/iso3166#FJ","2008-12-17 20:39:51.0","FJ","13","70",
"94935","http://iso.org/iso3166#FK","2008-12-17 20:39:51.0","FK","13","71",
"94936","http://iso.org/iso3166#FM","2008-12-17 20:39:51.0","FM","13","72",
"94937","http://iso.org/iso3166#FO","2008-12-17 20:39:51.0","FO","13","73",
"94938","http://iso.org/iso3166#FR","2008-12-17 20:39:51.0","FR","13","74",
"94939","http://iso.org/iso3166#GA","2008-12-17 20:39:51.0","GA","13","75",
"94940","http://iso.org/iso3166#GB","2008-12-17 20:39:51.0","GB","13","76",
"94941","http://iso.org/iso3166#GD","2008-12-17 20:39:51.0","GD","13","77",
"94942","http://iso.org/iso3166#GE","2008-12-17 20:39:51.0","GE","13","78",
"94943","http://iso.org/iso3166#GF","2008-12-17 20:39:51.0","GF","13","79",
"94944","http://iso.org/iso3166#GG","2008-12-17 20:39:51.0","GG","13","80",
"94945","http://iso.org/iso3166#GH","2008-12-17 20:39:51.0","GH","13","81",
"94946","http://iso.org/iso3166#GI","2008-12-17 20:39:51.0","GI","13","82",
"94947","http://iso.org/iso3166#GL","2008-12-17 20:39:51.0","GL","13","83",
"94948","http://iso.org/iso3166#GM","2008-12-17 20:39:51.0","GM","13","84",
"94949","http://iso.org/iso3166#GN","2008-12-17 20:39:51.0","GN","13","85",
"94950","http://iso.org/iso3166#GP","2008-12-17 20:39:51.0","GP","13","86",
"94951","http://iso.org/iso3166#GQ","2008-12-17 20:39:51.0","GQ","13","87",
"94952","http://iso.org/iso3166#GR","2008-12-17 20:39:51.0","GR","13","88",
"94953","http://iso.org/iso3166#GS","2008-12-17 20:39:51.0","GS","13","89",
"94954","http://iso.org/iso3166#GT","2008-12-17 20:39:51.0","GT","13","90",
"94955","http://iso.org/iso3166#GU","2008-12-17 20:39:51.0","GU","13","91",
"94956","http://iso.org/iso3166#GW","2008-12-17 20:39:51.0","GW","13","92",
"94957","http://iso.org/iso3166#GY","2008-12-17 20:39:51.0","GY","13","93",
"94958","http://iso.org/iso3166#HK","2008-12-17 20:39:51.0","HK","13","94",
"94959","http://iso.org/iso3166#HM","2008-12-17 20:39:51.0","HM","13","95",
"94960","http://iso.org/iso3166#HN","2008-12-17 20:39:51.0","HN","13","96",
"94961","http://iso.org/iso3166#HR","2008-12-17 20:39:51.0","HR","13","97",
"94962","http://iso.org/iso3166#HT","2008-12-17 20:39:51.0","HT","13","98",
"94963","http://iso.org/iso3166#HU","2008-12-17 20:39:51.0","HU","13","99",
"94964","http://iso.org/iso3166#ID","2008-12-17 20:39:51.0","ID","13","100",
"94965","http://iso.org/iso3166#IE","2008-12-17 20:39:51.0","IE","13","101",
"94966","http://iso.org/iso3166#IL","2008-12-17 20:39:51.0","IL","13","102",
"94967","http://iso.org/iso3166#IM","2008-12-17 20:39:51.0","IM","13","103",
"94968","http://iso.org/iso3166#IN","2008-12-17 20:39:51.0","IN","13","104",
"94969","http://iso.org/iso3166#IO","2008-12-17 20:39:51.0","IO","13","105",
"94970","http://iso.org/iso3166#IQ","2008-12-17 20:39:51.0","IQ","13","106",
"94971","http://iso.org/iso3166#IR","2008-12-17 20:39:51.0","IR","13","107",
"94972","http://iso.org/iso3166#IS","2008-12-17 20:39:51.0","IS","13","108",
"94973","http://iso.org/iso3166#IT","2008-12-17 20:39:51.0","IT","13","109",
"94974","http://iso.org/iso3166#JE","2008-12-17 20:39:51.0","JE","13","110",
"94975","http://iso.org/iso3166#JM","2008-12-17 20:39:51.0","JM","13","111",
"94976","http://iso.org/iso3166#JO","2008-12-17 20:39:51.0","JO","13","112",
"94977","http://iso.org/iso3166#JP","2008-12-17 20:39:51.0","JP","13","113",
"94978","http://iso.org/iso3166#KE","2008-12-17 20:39:51.0","KE","13","114",
"94979","http://iso.org/iso3166#KG","2008-12-17 20:39:51.0","KG","13","115",
"94980","http://iso.org/iso3166#KH","2008-12-17 20:39:51.0","KH","13","116",
"94981","http://iso.org/iso3166#KI","2008-12-17 20:39:51.0","KI","13","117",
"94982","http://iso.org/iso3166#KM","2008-12-17 20:39:51.0","KM","13","118",
"94983","http://iso.org/iso3166#KN","2008-12-17 20:39:51.0","KN","13","119",
"94984","http://iso.org/iso3166#KP","2008-12-17 20:39:51.0","KP","13","120",
"94985","http://iso.org/iso3166#KR","2008-12-17 20:39:51.0","KR","13","121",
"94986","http://iso.org/iso3166#KW","2008-12-17 20:39:51.0","KW","13","122",
"94987","http://iso.org/iso3166#KY","2008-12-17 20:39:51.0","KY","13","123",
"94988","http://iso.org/iso3166#KZ","2008-12-17 20:39:51.0","KZ","13","124",
"94989","http://iso.org/iso3166#LA","2008-12-17 20:39:51.0","LA","13","125",
"94990","http://iso.org/iso3166#LB","2008-12-17 20:39:51.0","LB","13","126",
"94991","http://iso.org/iso3166#LC","2008-12-17 20:39:51.0","LC","13","127",
"94992","http://iso.org/iso3166#LI","2008-12-17 20:39:51.0","LI","13","128",
"94993","http://iso.org/iso3166#LK","2008-12-17 20:39:51.0","LK","13","129",
"94994","http://iso.org/iso3166#LR","2008-12-17 20:39:51.0","LR","13","130",
"94995","http://iso.org/iso3166#LS","2008-12-17 20:39:51.0","LS","13","131",
"94996","http://iso.org/iso3166#LT","2008-12-17 20:39:51.0","LT","13","132",
"94997","http://iso.org/iso3166#LU","2008-12-17 20:39:51.0","LU","13","133",
"94998","http://iso.org/iso3166#LV","2008-12-17 20:39:51.0","LV","13","134",
"94999","http://iso.org/iso3166#LY","2008-12-17 20:39:51.0","LY","13","135",
"95000","http://iso.org/iso3166#MA","2008-12-17 20:39:51.0","MA","13","136",
"95001","http://iso.org/iso3166#MC","2008-12-17 20:39:51.0","MC","13","137",
"95002","http://iso.org/iso3166#MD","2008-12-17 20:39:51.0","MD","13","138",
"95003","http://iso.org/iso3166#ME","2008-12-17 20:39:51.0","ME","13","139",
"95004","http://iso.org/iso3166#MG","2008-12-17 20:39:51.0","MG","13","140",
"95005","http://iso.org/iso3166#MH","2008-12-17 20:39:51.0","MH","13","141",
"95006","http://iso.org/iso3166#MK","2008-12-17 20:39:51.0","MK","13","142",
"95007","http://iso.org/iso3166#ML","2008-12-17 20:39:51.0","ML","13","143",
"95008","http://iso.org/iso3166#MM","2008-12-17 20:39:51.0","MM","13","144",
"95009","http://iso.org/iso3166#MN","2008-12-17 20:39:51.0","MN","13","145",
"95010","http://iso.org/iso3166#MO","2008-12-17 20:39:51.0","MO","13","146",
"95011","http://iso.org/iso3166#MP","2008-12-17 20:39:51.0","MP","13","147",
"95012","http://iso.org/iso3166#MQ","2008-12-17 20:39:51.0","MQ","13","148",
"95013","http://iso.org/iso3166#MR","2008-12-17 20:39:51.0","MR","13","149",
"95014","http://iso.org/iso3166#MS","2008-12-17 20:39:51.0","MS","13","150",
"95015","http://iso.org/iso3166#MT","2008-12-17 20:39:51.0","MT","13","151",
"95016","http://iso.org/iso3166#MU","2008-12-17 20:39:51.0","MU","13","152",
"95017","http://iso.org/iso3166#MV","2008-12-17 20:39:51.0","MV","13","153",
"95018","http://iso.org/iso3166#MW","2008-12-17 20:39:51.0","MW","13","154",
"95019","http://iso.org/iso3166#MX","2008-12-17 20:39:51.0","MX","13","155",
"95020","http://iso.org/iso3166#MY","2008-12-17 20:39:51.0","MY","13","156",
"95021","http://iso.org/iso3166#MZ","2008-12-17 20:39:51.0","MZ","13","157",
"95022","http://iso.org/iso3166#NA","2008-12-17 20:39:51.0","NA","13","158",
"95023","http://iso.org/iso3166#NC","2008-12-17 20:39:51.0","NC","13","159",
"95024","http://iso.org/iso3166#NE","2008-12-17 20:39:51.0","NE","13","160",
"95025","http://iso.org/iso3166#NF","2008-12-17 20:39:51.0","NF","13","161",
"95026","http://iso.org/iso3166#NG","2008-12-17 20:39:51.0","NG","13","162",
"95027","http://iso.org/iso3166#NI","2008-12-17 20:39:51.0","NI","13","163",
"95028","http://iso.org/iso3166#NL","2008-12-17 20:39:51.0","NL","13","164",
"95029","http://iso.org/iso3166#NO","2008-12-17 20:39:51.0","NO","13","165",
"95030","http://iso.org/iso3166#NP","2008-12-17 20:39:51.0","NP","13","166",
"95031","http://iso.org/iso3166#NR","2008-12-17 20:39:51.0","NR","13","167",
"95032","http://iso.org/iso3166#NU","2008-12-17 20:39:51.0","NU","13","168",
"95033","http://iso.org/iso3166#NZ","2008-12-17 20:39:51.0","NZ","13","169",
"95034","http://iso.org/iso3166#OM","2008-12-17 20:39:51.0","OM","13","170",
"95035","http://iso.org/iso3166#PA","2008-12-17 20:39:51.0","PA","13","171",
"95036","http://iso.org/iso3166#PE","2008-12-17 20:39:51.0","PE","13","172",
"95037","http://iso.org/iso3166#PF","2008-12-17 20:39:51.0","PF","13","173",
"95038","http://iso.org/iso3166#PG","2008-12-17 20:39:51.0","PG","13","174",
"95039","http://iso.org/iso3166#PH","2008-12-17 20:39:51.0","PH","13","175",
"95040","http://iso.org/iso3166#PK","2008-12-17 20:39:51.0","PK","13","176",
"95041","http://iso.org/iso3166#PL","2008-12-17 20:39:51.0","PL","13","177",
"95042","http://iso.org/iso3166#PM","2008-12-17 20:39:51.0","PM","13","178",
"95043","http://iso.org/iso3166#PN","2008-12-17 20:39:51.0","PN","13","179",
"95044","http://iso.org/iso3166#PR","2008-12-17 20:39:51.0","PR","13","180",
"95045","http://iso.org/iso3166#PS","2008-12-17 20:39:51.0","PS","13","181",
"95046","http://iso.org/iso3166#PT","2008-12-17 20:39:51.0","PT","13","182",
"95047","http://iso.org/iso3166#PW","2008-12-17 20:39:51.0","PW","13","183",
"95048","http://iso.org/iso3166#PY","2008-12-17 20:39:51.0","PY","13","184",
"95049","http://iso.org/iso3166#QA","2008-12-17 20:39:51.0","QA","13","185",
"95050","http://iso.org/iso3166#RE","2008-12-17 20:39:51.0","RE","13","186",
"95051","http://iso.org/iso3166#RO","2008-12-17 20:39:51.0","RO","13","187",
"95052","http://iso.org/iso3166#RS","2008-12-17 20:39:51.0","RS","13","188",
"95053","http://iso.org/iso3166#RU","2008-12-17 20:39:51.0","RU","13","189",
"95054","http://iso.org/iso3166#RW","2008-12-17 20:39:51.0","RW","13","190",
"95055","http://iso.org/iso3166#SA","2008-12-17 20:39:51.0","SA","13","191",
"95056","http://iso.org/iso3166#SB","2008-12-17 20:39:51.0","SB","13","192",
"95057","http://iso.org/iso3166#SC","2008-12-17 20:39:51.0","SC","13","193",
"95058","http://iso.org/iso3166#SD","2008-12-17 20:39:51.0","SD","13","194",
"95059","http://iso.org/iso3166#SE","2008-12-17 20:39:51.0","SE","13","195",
"95060","http://iso.org/iso3166#SG","2008-12-17 20:39:51.0","SG","13","196",
"95061","http://iso.org/iso3166#SH","2008-12-17 20:39:51.0","SH","13","197",
"95062","http://iso.org/iso3166#SI","2008-12-17 20:39:51.0","SI","13","198",
"95063","http://iso.org/iso3166#SJ","2008-12-17 20:39:51.0","SJ","13","199",
"95064","http://iso.org/iso3166#SK","2008-12-17 20:39:51.0","SK","13","200",
"95065","http://iso.org/iso3166#SL","2008-12-17 20:39:51.0","SL","13","201",
"95066","http://iso.org/iso3166#SM","2008-12-17 20:39:51.0","SM","13","202",
"95067","http://iso.org/iso3166#SN","2008-12-17 20:39:51.0","SN","13","203",
"95068","http://iso.org/iso3166#SO","2008-12-17 20:39:51.0","SO","13","204",
"95069","http://iso.org/iso3166#SR","2008-12-17 20:39:51.0","SR","13","205",
"95070","http://iso.org/iso3166#ST","2008-12-17 20:39:51.0","ST","13","206",
"95071","http://iso.org/iso3166#SV","2008-12-17 20:39:51.0","SV","13","207",
"95072","http://iso.org/iso3166#SY","2008-12-17 20:39:51.0","SY","13","208",
"95073","http://iso.org/iso3166#SZ","2008-12-17 20:39:51.0","SZ","13","209",
"95074","http://iso.org/iso3166#TC","2008-12-17 20:39:51.0","TC","13","210",
"95075","http://iso.org/iso3166#TD","2008-12-17 20:39:51.0","TD","13","211",
"95076","http://iso.org/iso3166#TF","2008-12-17 20:39:51.0","TF","13","212",
"95077","http://iso.org/iso3166#TG","2008-12-17 20:39:51.0","TG","13","213",
"95078","http://iso.org/iso3166#TH","2008-12-17 20:39:51.0","TH","13","214",
"95079","http://iso.org/iso3166#TJ","2008-12-17 20:39:51.0","TJ","13","215",
"95080","http://iso.org/iso3166#TK","2008-12-17 20:39:51.0","TK","13","216",
"95081","http://iso.org/iso3166#TL","2008-12-17 20:39:51.0","TL","13","217",
"95082","http://iso.org/iso3166#TM","2008-12-17 20:39:51.0","TM","13","218",
"95083","http://iso.org/iso3166#TN","2008-12-17 20:39:51.0","TN","13","219",
"95084","http://iso.org/iso3166#TO","2008-12-17 20:39:51.0","TO","13","220",
"95085","http://iso.org/iso3166#TR","2008-12-17 20:39:51.0","TR","13","221",
"95086","http://iso.org/iso3166#TT","2008-12-17 20:39:51.0","TT","13","222",
"95087","http://iso.org/iso3166#TV","2008-12-17 20:39:51.0","TV","13","223",
"95088","http://iso.org/iso3166#TW","2008-12-17 20:39:51.0","TW","13","224",
"95089","http://iso.org/iso3166#TZ","2008-12-17 20:39:51.0","TZ","13","225",
"95090","http://iso.org/iso3166#UA","2008-12-17 20:39:51.0","UA","13","226",
"95091","http://iso.org/iso3166#UG","2008-12-17 20:39:51.0","UG","13","227",
"95092","http://iso.org/iso3166#UM","2008-12-17 20:39:51.0","UM","13","228",
"95093","http://iso.org/iso3166#US","2008-12-17 20:39:51.0","US","13","229",
"95094","http://iso.org/iso3166#UY","2008-12-17 20:39:51.0","UY","13","230",
"95095","http://iso.org/iso3166#UZ","2008-12-17 20:39:51.0","UZ","13","231",
"95096","http://iso.org/iso3166#VA","2008-12-17 20:39:51.0","VA","13","232",
"95097","http://iso.org/iso3166#VC","2008-12-17 20:39:51.0","VC","13","233",
"95098","http://iso.org/iso3166#VE","2008-12-17 20:39:51.0","VE","13","234",
"95099","http://iso.org/iso3166#VG","2008-12-17 20:39:51.0","VG","13","235",
"95100","http://iso.org/iso3166#VI","2008-12-17 20:39:51.0","VI","13","236",
"95150","http://rs.tdwg.org/ontology/voc/TaxonRank#Infratribe","2008-10-12 23:44:55.0","infratribe","16","26",
"95151","http://rs.tdwg.org/ontology/voc/TaxonRank#Family-group","2008-10-12 23:44:55.0","family-group","16","27",
"95152","http://rs.tdwg.org/ontology/voc/TaxonRank#Genus-group","2008-10-12 23:44:55.0","genus-group","16","28",
"95153","http://rs.tdwg.org/ontology/voc/TaxonRank#Supergenus","2008-10-12 23:44:55.0","supergenus","16","29",
"95154","http://rs.tdwg.org/ontology/voc/TaxonRank#Mirorder","2008-10-12 23:44:54.0","mirorder","16","30",
"95155","http://rs.tdwg.org/ontology/voc/TaxonRank#Subtribe","2008-10-12 23:44:55.0","subtribe","16","31",
"95156","http://rs.tdwg.org/ontology/voc/TaxonRank#Subfamily","2008-10-12 23:44:55.0","subfamily","16","32",
"95157","http://rs.tdwg.org/ontology/voc/TaxonRank#Supertribe","2008-10-12 23:44:55.0","supertribe","16","33",
"95158","http://rs.tdwg.org/ontology/voc/TaxonRank#Infrafamily","2008-10-12 23:44:55.0","infrafamily","16","34",
"95159","http://rs.tdwg.org/ontology/voc/TaxonRank#Epifamily","2008-10-12 23:44:55.0","epifamily","16","35",
"95160","http://rs.tdwg.org/ontology/voc/TaxonRank#Subfamily-group","2008-10-12 23:44:55.0","subfamily-group","16","36",
"95161","http://rs.tdwg.org/ontology/voc/TaxonRank#Domain","2008-10-12 23:44:52.0","domain","16","37",
"95162","http://rs.tdwg.org/ontology/voc/TaxonRank#Subseries","2008-10-12 23:44:54.0","subseries","16","38",
"95163","http://rs.tdwg.org/ontology/voc/TaxonRank#Series","2008-10-12 23:44:56.0","series","16","39",
"95164","http://rs.tdwg.org/ontology/voc/TaxonRank#Superorder","2008-10-12 23:44:54.0","superorder","16","40",
"95165","http://rs.tdwg.org/ontology/voc/TaxonRank#Subdivision","2008-10-12 23:44:56.0","subdivision","16","41",
"95166","http://rs.tdwg.org/ontology/voc/TaxonRank#Superdivision","2008-10-12 23:44:56.0","superdivision","16","42",
"95167","http://rs.tdwg.org/ontology/voc/TaxonRank#Morph","2008-10-12 23:44:56.0","morph","16","43",
"95168","http://rs.tdwg.org/ontology/voc/TaxonRank#Race","2008-10-12 23:44:56.0","race","16","44",
"95169","http://rs.tdwg.org/ontology/voc/TaxonRank#Near","2008-10-12 23:44:56.0","near","16","45",
"95170","http://rs.tdwg.org/ontology/voc/TaxonRank#Superform","2008-10-12 23:44:56.0","superform","16","46",
"95171","http://rs.tdwg.org/ontology/voc/TaxonRank#Grandorder","2008-10-12 23:44:54.0","grandorder","16","47",
"95172","http://rs.tdwg.org/ontology/voc/TaxonRank#Infraform","2008-10-12 23:44:56.0","infraform","16","48",
"95173","http://rs.tdwg.org/ontology/voc/TaxonRank#Infragenus","2008-10-12 23:44:55.0","infragenus","16","49",
"95174","http://rs.tdwg.org/ontology/voc/TaxonRank#Incertae-sedie","2008-10-12 23:44:56.0","incertae-sedie","16","50",
"95175","http://rs.tdwg.org/ontology/voc/TaxonRank#Bio-Variety","2008-10-12 23:44:57.0","bio-variety","16","51",
"95176","http://rs.tdwg.org/ontology/voc/TaxonRank#Mutant","2008-10-12 23:44:56.0","mutant","16","52",
"95177","http://rs.tdwg.org/ontology/voc/TaxonRank#Serovar","2008-10-12 23:44:57.0","serovar","16","53",
"95178","http://rs.tdwg.org/ontology/voc/TaxonRank#Infraseries","2008-10-12 23:44:55.0","infraseries","16","54",
"95179","http://rs.tdwg.org/ontology/voc/TaxonRank#Superseries","2008-10-12 23:44:55.0","superseries","16","55",
"95180","http://rs.tdwg.org/ontology/voc/TaxonRank#Sub-sub-variety","2008-10-12 23:44:57.0","sub-sub-variety","16","56",
"95181","http://rs.tdwg.org/ontology/voc/TaxonRank#Morphovar","2008-10-12 23:44:57.0","morphovar","16","57",
"95182","http://rs.tdwg.org/ontology/voc/TaxonRank#Patho-variety","2008-10-12 23:44:57.0","patho-variety","16","58",
"95183","http://rs.tdwg.org/ontology/voc/TaxonRank#Infraspecific-Taxon","2008-10-12 23:44:57.0","infraspecific-taxon","16","59",
"95184","http://rs.tdwg.org/ontology/voc/TaxonRank#Species-Aggregate","2008-10-12 23:44:57.0","species-aggregate","16","60",
"95185","http://rs.tdwg.org/ontology/voc/TaxonRank#InfragenericTaxon","2008-10-12 23:44:57.0","infragenerictaxon","16","61",
"95186","http://rs.tdwg.org/ontology/voc/TaxonRank#DenominationClass","2008-10-12 23:44:57.0","denominationclass","16","62",
"95187","http://rs.tdwg.org/ontology/voc/TaxonRank#Grex","2008-10-12 23:44:57.0","grex","16","63",
"95188","http://rs.tdwg.org/ontology/voc/TaxonRank#Graft-chimaera","2008-10-12 23:44:57.0","graft-chimaera","16","64",
"95189","http://rs.tdwg.org/ontology/voc/TaxonRank#Special-Form","2008-10-12 23:44:57.0","special-form","16","65",
"95190","http://rs.tdwg.org/ontology/voc/TaxonRank#Infraspecies","2008-10-12 23:44:57.0","infraspecies","16","66",
"95191","http://rs.tdwg.org/ontology/voc/TaxonRank#Supersection","2008-10-12 23:44:55.0","supersection","16","67",
"95192","http://rs.tdwg.org/ontology/voc/TaxonRank#Legion","2008-10-12 23:44:53.0","legion","16","68",
"95193","http://rs.tdwg.org/ontology/voc/TaxonRank#Infrasection","2008-10-12 23:44:55.0","infrasection","16","69",
"95194","http://rs.tdwg.org/ontology/voc/TaxonRank#Infraclass","2008-10-12 23:44:53.0","infraclass","16","70",
"95195","http://rs.tdwg.org/ontology/voc/TaxonRank#Grade","2008-10-12 23:44:53.0","grade","16","71",
"95196","http://rs.tdwg.org/ontology/voc/TaxonRank#Superclass","2008-10-12 23:44:53.0","superclass","16","72",
"95197","http://rs.tdwg.org/ontology/voc/TaxonRank#Microphylum","2008-10-12 23:44:53.0","microphylum","16","73",
"95198","http://rs.tdwg.org/ontology/voc/TaxonRank#Subphylum","2008-10-12 23:44:53.0","subphylum","16","74",
"95199","http://rs.tdwg.org/ontology/voc/TaxonRank#Parvclass","2008-10-12 23:44:53.0","parvclass","16","75",
"95200","http://rs.tdwg.org/ontology/voc/TaxonRank#Midphylum","2008-10-12 23:44:52.0","midphylum","16","76",
"95201","http://rs.tdwg.org/ontology/voc/TaxonRank#Branch","2008-10-12 23:44:52.0","branch","16","77",
"95202","http://rs.tdwg.org/ontology/voc/TaxonRank#Superphylum","2008-10-12 23:44:52.0","superphylum","16","78",
"95203","http://rs.tdwg.org/ontology/voc/TaxonRank#Infraphylum","2008-10-12 23:44:53.0","infraphylum","16","79",
"95204","http://rs.tdwg.org/ontology/voc/TaxonRank#Section","2008-10-12 23:44:53.0","section","16","80",
"95205","http://rs.tdwg.org/ontology/voc/TaxonRank#Supraphylum","2008-10-12 23:44:52.0","supraphylum","16","81",
"95206","http://rs.tdwg.org/ontology/voc/TaxonRank#Subgroup","2008-10-12 23:44:53.0","subgroup","16","82",
"95207","http://rs.tdwg.org/ontology/voc/TaxonRank#Hyperorder","2008-10-12 23:44:54.0","hyperorder","16","83",
"95208","http://rs.tdwg.org/ontology/voc/TaxonRank#Capaxorder","2008-10-12 23:44:54.0","capaxorder","16","84",
"95209","http://rs.tdwg.org/ontology/voc/TaxonRank#Megaorder","2008-10-12 23:44:54.0","megaorder","16","85",
"95210","http://rs.tdwg.org/ontology/voc/TaxonRank#Gigaorder","2008-10-12 23:44:54.0","gigaorder","16","86",
"95211","http://rs.tdwg.org/ontology/voc/TaxonRank#Infracohort","2008-10-12 23:44:54.0","infracohort","16","87",
"95212","http://rs.tdwg.org/ontology/voc/TaxonRank#Subcohort","2008-10-12 23:44:54.0","subcohort","16","88",
"95213","http://rs.tdwg.org/ontology/voc/TaxonRank#Infralegion","2008-10-12 23:44:54.0","infralegion","16","89",
"95214","http://rs.tdwg.org/ontology/voc/TaxonRank#Supercohort","2008-10-12 23:44:54.0","supercohort","16","90",
"95215","http://rs.tdwg.org/ontology/voc/TaxonRank#Group","2008-10-12 23:44:53.0","group","16","91",
"95216","http://rs.tdwg.org/ontology/voc/TaxonRank#Sublegion","2008-10-12 23:44:53.0","sublegion","16","92",
"95217","http://rs.tdwg.org/ontology/voc/TaxonRank#Cultivar-group","2008-10-12 23:44:56.0","cultivar-group","16","93",
"95218","http://rs.tdwg.org/ontology/voc/TaxonRank#Superlegion","2008-10-12 23:44:53.0","superlegion","16","94",
"95219","http://rs.tdwg.org/ontology/voc/TaxonRank#Cohort","2008-10-12 23:44:54.0","cohort","16","95",
"95220","http://rs.tdwg.org/ontology/voc/TaxonRank#Infrakingdom","2008-10-12 23:44:52.0","infrakingdom","16","96",
"95221","http://rs.tdwg.org/ontology/voc/TaxonRank#Monster","2008-10-12 23:44:56.0","monster","16","97",
"95222","http://rs.tdwg.org/ontology/voc/TaxonRank#Subkingdom","2008-10-12 23:44:52.0","subkingdom","16","98",
"95223","http://rs.tdwg.org/ontology/voc/TaxonRank#Subform","2008-10-12 23:44:52.0","subform","16","99",
"95224","http://rs.tdwg.org/ontology/voc/TaxonRank#Prole","2008-10-12 23:44:57.0","prole","16","100",
"95225","http://rs.tdwg.org/ontology/voc/TaxonRank#Suprageneric-Taxon","2008-10-12 23:44:57.0","suprageneric-taxon","16","101",
"95226","http://rs.tdwg.org/ontology/voc/TaxonRank#Subvariety","2008-10-12 23:44:56.0","subvariety","16","102",
"95227","http://rs.tdwg.org/ontology/voc/TaxonRank#UnCatalogued-ranks","2008-10-12 23:44:52.0","uncatalogued-ranks","16","103",
"95228","http://rs.tdwg.org/ontology/voc/TaxonRank#Convar","2008-10-12 23:44:56.0","convar","16","104",
"95229","http://rs.tdwg.org/ontology/voc/TaxonRank#Strain","2008-10-12 23:44:56.0","strain","16","105",
"95230","http://rs.tdwg.org/ontology/voc/TaxonRank#Supervariety","2008-10-12 23:44:56.0","supervariety","16","106",
"95231","http://rs.tdwg.org/ontology/voc/TaxonRank#Subsection","2008-10-12 23:44:55.0","subsection","16","107",
"95232","http://rs.tdwg.org/ontology/voc/TaxonRank#Hybrid","2008-10-12 23:44:56.0","hybrid","16","108",
"95233","http://rs.tdwg.org/ontology/voc/TaxonRank#Species-group","2008-10-12 23:44:56.0","species-group","16","109",
"95234","http://rs.tdwg.org/ontology/voc/TaxonRank#Complex","2008-10-12 23:44:56.0","complex","16","110",
"95235","http://rs.tdwg.org/ontology/voc/TaxonRank#Superspecies","2008-10-12 23:44:56.0","superspecies","16","111",
"95236","http://rs.tdwg.org/ontology/voc/TaxonRank#Candidate","2008-10-12 23:44:57.0","candidate","16","112",
"95237","http://rs.tdwg.org/ontology/voc/TaxonRank#Interkingdom","2008-10-12 23:44:52.0","interkingdom","16","113",
"95238","http://rs.tdwg.org/ontology/voc/TaxonRank#Superdomain","2008-10-12 23:44:52.0","superdomain","16","114",
"95239","http://rs.tdwg.org/ontology/voc/TaxonRank#Microspecies","2008-10-12 23:44:56.0","microspecies","16","115",
"95240","http://rs.tdwg.org/ontology/voc/TaxonRank#Infravariety","2008-10-12 23:44:56.0","infravariety","16","116",
"95241","http://rs.tdwg.org/ontology/voc/TaxonRank#Midkingdom","2008-10-12 23:44:52.0","midkingdom","16","117",
"95242","http://rs.tdwg.org/ontology/voc/TaxonRank#Suprakingdom","2008-10-12 23:44:52.0","suprakingdom","16","118",
"95243","http://rs.tdwg.org/ontology/voc/TaxonRank#Superkingdom","2008-10-12 23:44:52.0","superkingdom","16","119",
"95244","http://rs.tdwg.org/ontology/voc/TaxonRank#Infradomain","2008-10-12 23:44:52.0","infradomain","16","120",
"95245","http://rs.tdwg.org/ontology/voc/TaxonRank#Subdomain","2008-10-12 23:44:52.0","subdomain","16","121",
"95246","http://rs.tdwg.org/ontology/voc/TaxonRank#Empire","2008-10-12 23:44:52.0","empire","16","122",
"95247","http://rs.tdwg.org/ontology/voc/TaxonRank#Magnorder","2008-10-12 23:44:54.0","magnorder","16","123",
"95248","http://rs.tdwg.org/ontology/voc/TaxonRank#Megafamily","2008-10-12 23:44:55.0","megafamily","16","124",
"95249","http://rs.tdwg.org/ontology/voc/TaxonRank#Grandfamily","2008-10-12 23:44:55.0","grandfamily","16","125",
"95250","http://rs.tdwg.org/ontology/voc/TaxonRank#Form","2008-10-12 23:44:56.0","form","16","126",
"95251","http://iso.org/639-1#aa","2008-12-17 20:51:51.0","aa","17","1",
"95252","http://iso.org/639-1#ab","2008-12-17 20:51:51.0","ab","17","2",
"95253","http://iso.org/639-1#ae","2008-12-17 20:51:51.0","ae","17","3",
"95254","http://iso.org/639-1#af","2008-12-17 20:51:51.0","af","17","4",
"95255","http://iso.org/639-1#ak","2008-12-17 20:51:51.0","ak","17","5",
"95256","http://iso.org/639-1#am","2008-12-17 20:51:51.0","am","17","6",
"95257","http://iso.org/639-1#an","2008-12-17 20:51:51.0","an","17","7",
"95258","http://iso.org/639-1#ar","2008-12-17 20:51:51.0","ar","17","8",
"95259","http://iso.org/639-1#as","2008-12-17 20:51:51.0","as","17","9",
"95260","http://iso.org/639-1#av","2008-12-17 20:51:51.0","av","17","10",
"95261","http://iso.org/639-1#ay","2008-12-17 20:51:51.0","ay","17","11",
"95262","http://iso.org/639-1#az","2008-12-17 20:51:51.0","az","17","12",
"95263","http://iso.org/639-1#ba","2008-12-17 20:51:51.0","ba","17","13",
"95264","http://iso.org/639-1#be","2008-12-17 20:51:51.0","be","17","14",
"95265","http://iso.org/639-1#bg","2008-12-17 20:51:51.0","bg","17","15",
"95266","http://iso.org/639-1#bi","2008-12-17 20:51:51.0","bi","17","16",
"95267","http://iso.org/639-1#bm","2008-12-17 20:51:51.0","bm","17","17",
"95268","http://iso.org/639-1#bn","2008-12-17 20:51:51.0","bn","17","18",
"95269","http://iso.org/639-1#bo","2008-12-17 20:51:51.0","bo","17","19",
"95270","http://iso.org/639-1#br","2008-12-17 20:51:51.0","br","17","20",
"95271","http://iso.org/639-1#bs","2008-12-17 20:51:51.0","bs","17","21",
"95272","http://iso.org/639-1#ca","2008-12-17 20:51:51.0","ca","17","22",
"95273","http://iso.org/639-1#ce","2008-12-17 20:51:51.0","ce","17","23",
"95274","http://iso.org/639-1#ch","2008-12-17 20:51:51.0","ch","17","24",
"95275","http://iso.org/639-1#co","2008-12-17 20:51:51.0","co","17","25",
"95276","http://iso.org/639-1#cr","2008-12-17 20:51:51.0","cr","17","26",
"95277","http://iso.org/639-1#cs","2008-12-17 20:51:51.0","cs","17","27",
"95278","http://iso.org/639-1#cu","2008-12-17 20:51:51.0","cu","17","28",
"95279","http://iso.org/639-1#cv","2008-12-17 20:51:51.0","cv","17","29",
"95280","http://iso.org/639-1#cy","2008-12-17 20:51:51.0","cy","17","30",
"95281","http://iso.org/639-1#da","2008-12-17 20:51:51.0","da","17","31",
"95282","http://iso.org/639-1#de","2008-12-17 20:51:51.0","de","17","32",
"95283","http://iso.org/639-1#dv","2008-12-17 20:51:51.0","dv","17","33",
"95284","http://iso.org/639-1#dz","2008-12-17 20:51:51.0","dz","17","34",
"95285","http://iso.org/639-1#ee","2008-12-17 20:51:51.0","ee","17","35",
"95286","http://iso.org/639-1#el","2008-12-17 20:51:51.0","el","17","36",
"95287","http://iso.org/639-1#en","2008-12-17 20:51:51.0","en","17","37",
"95288","http://iso.org/639-1#eo","2008-12-17 20:51:51.0","eo","17","38",
"95289","http://iso.org/639-1#es","2008-12-17 20:51:51.0","es","17","39",
"95290","http://iso.org/639-1#et","2008-12-17 20:51:51.0","et","17","40",
"95291","http://iso.org/639-1#eu","2008-12-17 20:51:51.0","eu","17","41",
"95292","http://iso.org/639-1#fa","2008-12-17 20:51:51.0","fa","17","42",
"95293","http://iso.org/639-1#ff","2008-12-17 20:51:51.0","ff","17","43",
"95294","http://iso.org/639-1#fi","2008-12-17 20:51:51.0","fi","17","44",
"95295","http://iso.org/639-1#fj","2008-12-17 20:51:51.0","fj","17","45",
"95296","http://iso.org/639-1#fo","2008-12-17 20:51:51.0","fo","17","46",
"95297","http://iso.org/639-1#fr","2008-12-17 20:51:51.0","fr","17","47",
"95298","http://iso.org/639-1#fy","2008-12-17 20:51:51.0","fy","17","48",
"95299","http://iso.org/639-1#ga","2008-12-17 20:51:51.0","ga","17","49",
"95300","http://iso.org/639-1#gd","2008-12-17 20:51:51.0","gd","17","50",
"95301","http://iso.org/639-1#gl","2008-12-17 20:51:51.0","gl","17","51",
"95302","http://iso.org/639-1#gn","2008-12-17 20:51:51.0","gn","17","52",
"95303","http://iso.org/639-1#gu","2008-12-17 20:51:51.0","gu","17","53",
"95304","http://iso.org/639-1#gv","2008-12-17 20:51:51.0","gv","17","54",
"95305","http://iso.org/639-1#ha","2008-12-17 20:51:51.0","ha","17","55",
"95306","http://iso.org/639-1#he","2008-12-17 20:51:51.0","he","17","56",
"95307","http://iso.org/639-1#hi","2008-12-17 20:51:51.0","hi","17","57",
"95308","http://iso.org/639-1#ho","2008-12-17 20:51:51.0","ho","17","58",
"95309","http://iso.org/639-1#hr","2008-12-17 20:51:51.0","hr","17","59",
"95310","http://iso.org/639-1#ht","2008-12-17 20:51:51.0","ht","17","60",
"95311","http://iso.org/639-1#hu","2008-12-17 20:51:51.0","hu","17","61",
"95312","http://iso.org/639-1#hy","2008-12-17 20:51:51.0","hy","17","62",
"95313","http://iso.org/639-1#hz","2008-12-17 20:51:51.0","hz","17","63",
"95314","http://iso.org/639-1#ia","2008-12-17 20:51:51.0","ia","17","64",
"95315","http://iso.org/639-1#id","2008-12-17 20:51:51.0","id","17","65",
"95316","http://iso.org/639-1#ie","2008-12-17 20:51:51.0","ie","17","66",
"95317","http://iso.org/639-1#ig","2008-12-17 20:51:51.0","ig","17","67",
"95318","http://iso.org/639-1#ii","2008-12-17 20:51:51.0","ii","17","68",
"95319","http://iso.org/639-1#ik","2008-12-17 20:51:51.0","ik","17","69",
"95320","http://iso.org/639-1#io","2008-12-17 20:51:51.0","io","17","70",
"95321","http://iso.org/639-1#is","2008-12-17 20:51:51.0","is","17","71",
"95322","http://iso.org/639-1#it","2008-12-17 20:51:51.0","it","17","72",
"95323","http://iso.org/639-1#iu","2008-12-17 20:51:51.0","iu","17","73",
"95324","http://iso.org/639-1#ja","2008-12-17 20:51:51.0","ja","17","74",
"95325","http://iso.org/639-1#jv","2008-12-17 20:51:51.0","jv","17","75",
"95326","http://iso.org/639-1#ka","2008-12-17 20:51:51.0","ka","17","76",
"95327","http://iso.org/639-1#kg","2008-12-17 20:51:51.0","kg","17","77",
"95328","http://iso.org/639-1#ki","2008-12-17 20:51:51.0","ki","17","78",
"95329","http://iso.org/639-1#kj","2008-12-17 20:51:51.0","kj","17","79",
"95330","http://iso.org/639-1#kk","2008-12-17 20:51:51.0","kk","17","80",
"95331","http://iso.org/639-1#kl","2008-12-17 20:51:51.0","kl","17","81",
"95332","http://iso.org/639-1#km","2008-12-17 20:51:51.0","km","17","82",
"95333","http://iso.org/639-1#kn","2008-12-17 20:51:51.0","kn","17","83",
"95334","http://iso.org/639-1#ko","2008-12-17 20:51:51.0","ko","17","84",
"95335","http://iso.org/639-1#kr","2008-12-17 20:51:51.0","kr","17","85",
"95336","http://iso.org/639-1#ks","2008-12-17 20:51:51.0","ks","17","86",
"95337","http://iso.org/639-1#ku","2008-12-17 20:51:51.0","ku","17","87",
"95338","http://iso.org/639-1#kv","2008-12-17 20:51:51.0","kv","17","88",
"95339","http://iso.org/639-1#kw","2008-12-17 20:51:51.0","kw","17","89",
"95340","http://iso.org/639-1#ky","2008-12-17 20:51:51.0","ky","17","90",
"95341","http://iso.org/639-1#la","2008-12-17 20:51:51.0","la","17","91",
"95342","http://iso.org/639-1#lb","2008-12-17 20:51:51.0","lb","17","92",
"95343","http://iso.org/639-1#lg","2008-12-17 20:51:51.0","lg","17","93",
"95344","http://iso.org/639-1#li","2008-12-17 20:51:51.0","li","17","94",
"95345","http://iso.org/639-1#ln","2008-12-17 20:51:51.0","ln","17","95",
"95346","http://iso.org/639-1#lo","2008-12-17 20:51:51.0","lo","17","96",
"95347","http://iso.org/639-1#lt","2008-12-17 20:51:51.0","lt","17","97",
"95348","http://iso.org/639-1#lu","2008-12-17 20:51:51.0","lu","17","98",
"95349","http://iso.org/639-1#lv","2008-12-17 20:51:51.0","lv","17","99",
"95350","http://iso.org/639-1#mg","2008-12-17 20:51:51.0","mg","17","100",
"95351","http://iso.org/639-1#mh","2008-12-17 20:51:51.0","mh","17","101",
"95352","http://iso.org/639-1#mi","2008-12-17 20:51:51.0","mi","17","102",
"95353","http://iso.org/639-1#mk","2008-12-17 20:51:51.0","mk","17","103",
"95354","http://iso.org/639-1#ml","2008-12-17 20:51:51.0","ml","17","104",
"95355","http://iso.org/639-1#mn","2008-12-17 20:51:51.0","mn","17","105",
"95356","http://iso.org/639-1#mr","2008-12-17 20:51:51.0","mr","17","106",
"95357","http://iso.org/639-1#ms","2008-12-17 20:51:51.0","ms","17","107",
"95358","http://iso.org/639-1#mt","2008-12-17 20:51:51.0","mt","17","108",
"95359","http://iso.org/639-1#my","2008-12-17 20:51:51.0","my","17","109",
"95360","http://iso.org/639-1#na","2008-12-17 20:51:51.0","na","17","110",
"95361","http://iso.org/639-1#nb","2008-12-17 20:51:51.0","nb","17","111",
"95362","http://iso.org/639-1#nd","2008-12-17 20:51:51.0","nd","17","112",
"95363","http://iso.org/639-1#ne","2008-12-17 20:51:51.0","ne","17","113",
"95364","http://iso.org/639-1#ng","2008-12-17 20:51:51.0","ng","17","114",
"95365","http://iso.org/639-1#nl","2008-12-17 20:51:51.0","nl","17","115",
"95366","http://iso.org/639-1#nn","2008-12-17 20:51:51.0","nn","17","116",
"95367","http://iso.org/639-1#no","2008-12-17 20:51:51.0","no","17","117",
"95368","http://iso.org/639-1#nr","2008-12-17 20:51:51.0","nr","17","118",
"95369","http://iso.org/639-1#nv","2008-12-17 20:51:51.0","nv","17","119",
"95370","http://iso.org/639-1#ny","2008-12-17 20:51:51.0","ny","17","120",
"95371","http://iso.org/639-1#oc","2008-12-17 20:51:51.0","oc","17","121",
"95372","http://iso.org/639-1#oj","2008-12-17 20:51:51.0","oj","17","122",
"95373","http://iso.org/639-1#om","2008-12-17 20:51:51.0","om","17","123",
"95374","http://iso.org/639-1#or","2008-12-17 20:51:51.0","or","17","124",
"95375","http://iso.org/639-1#os","2008-12-17 20:51:51.0","os","17","125",
"95376","http://iso.org/639-1#pa","2008-12-17 20:51:51.0","pa","17","126",
"95377","http://iso.org/639-1#pi","2008-12-17 20:51:51.0","pi","17","127",
"95378","http://iso.org/639-1#pl","2008-12-17 20:51:51.0","pl","17","128",
"95379","http://iso.org/639-1#ps","2008-12-17 20:51:51.0","ps","17","129",
"95380","http://iso.org/639-1#pt","2008-12-17 20:51:51.0","pt","17","130",
"95381","http://iso.org/639-1#qu","2008-12-17 20:51:51.0","qu","17","131",
"95382","http://iso.org/639-1#rm","2008-12-17 20:51:51.0","rm","17","132",
"95383","http://iso.org/639-1#rn","2008-12-17 20:51:51.0","rn","17","133",
"95384","http://iso.org/639-1#ro","2008-12-17 20:51:51.0","ro","17","134",
"95385","http://iso.org/639-1#ru","2008-12-17 20:51:51.0","ru","17","135",
"95386","http://iso.org/639-1#rw","2008-12-17 20:51:51.0","rw","17","136",
"95387","http://iso.org/639-1#sa","2008-12-17 20:51:51.0","sa","17","137",
"95388","http://iso.org/639-1#sc","2008-12-17 20:51:51.0","sc","17","138",
"95389","http://iso.org/639-1#sd","2008-12-17 20:51:51.0","sd","17","139",
"95390","http://iso.org/639-1#se","2008-12-17 20:51:51.0","se","17","140",
"95391","http://iso.org/639-1#sg","2008-12-17 20:51:51.0","sg","17","141",
"95392","http://iso.org/639-1#sh","2008-12-17 20:51:51.0","sh","17","142",
"95393","http://iso.org/639-1#si","2008-12-17 20:51:51.0","si","17","143",
"95394","http://iso.org/639-1#sk","2008-12-17 20:51:51.0","sk","17","144",
"95395","http://iso.org/639-1#sl","2008-12-17 20:51:51.0","sl","17","145",
"95396","http://iso.org/639-1#sm","2008-12-17 20:51:51.0","sm","17","146",
"95397","http://iso.org/639-1#sn","2008-12-17 20:51:51.0","sn","17","147",
"95398","http://iso.org/639-1#so","2008-12-17 20:51:51.0","so","17","148",
"95399","http://iso.org/639-1#sq","2008-12-17 20:51:51.0","sq","17","149",
"95400","http://iso.org/639-1#sr","2008-12-17 20:51:51.0","sr","17","150",
"95401","http://iso.org/639-1#ss","2008-12-17 20:51:51.0","ss","17","151",
"95402","http://iso.org/639-1#st","2008-12-17 20:51:51.0","st","17","152",
"95403","http://iso.org/639-1#su","2008-12-17 20:51:51.0","su","17","153",
"95404","http://iso.org/639-1#sv","2008-12-17 20:51:51.0","sv","17","154",
"95405","http://iso.org/639-1#sw","2008-12-17 20:51:51.0","sw","17","155",
"95406","http://iso.org/639-1#ta","2008-12-17 20:51:51.0","ta","17","156",
"95407","http://iso.org/639-1#te","2008-12-17 20:51:51.0","te","17","157",
"95408","http://iso.org/639-1#tg","2008-12-17 20:51:51.0","tg","17","158",
"95409","http://iso.org/639-1#th","2008-12-17 20:51:51.0","th","17","159",
"95410","http://iso.org/639-1#ti","2008-12-17 20:51:51.0","ti","17","160",
"95411","http://iso.org/639-1#tk","2008-12-17 20:51:51.0","tk","17","161",
"95412","http://iso.org/639-1#tl","2008-12-17 20:51:51.0","tl","17","162",
"95413","http://iso.org/639-1#tn","2008-12-17 20:51:51.0","tn","17","163",
"95414","http://iso.org/639-1#to","2008-12-17 20:51:51.0","to","17","164",
"95415","http://iso.org/639-1#tr","2008-12-17 20:51:51.0","tr","17","165",
"95416","http://iso.org/639-1#ts","2008-12-17 20:51:51.0","ts","17","166",
"95417","http://iso.org/639-1#tt","2008-12-17 20:51:51.0","tt","17","167",
"95418","http://iso.org/639-1#tw","2008-12-17 20:51:51.0","tw","17","168",
"95419","http://iso.org/639-1#ty","2008-12-17 20:51:51.0","ty","17","169",
"95420","http://iso.org/639-1#ug","2008-12-17 20:51:51.0","ug","17","170",
"95421","http://iso.org/639-1#uk","2008-12-17 20:51:51.0","uk","17","171",
"95422","http://iso.org/639-1#ur","2008-12-17 20:51:51.0","ur","17","172",
"95423","http://iso.org/639-1#uz","2008-12-17 20:51:51.0","uz","17","173",
"95424","http://iso.org/639-1#ve","2008-12-17 20:51:51.0","ve","17","174",
"95425","http://iso.org/639-1#vi","2008-12-17 20:51:51.0","vi","17","175",
"95426","http://iso.org/639-1#vo","2008-12-17 20:51:51.0","vo","17","176",
"95427","http://iso.org/639-1#wa","2008-12-17 20:51:51.0","wa","17","177",
"95428","http://iso.org/639-1#wo","2008-12-17 20:51:51.0","wo","17","178",
"95429","http://iso.org/639-1#xh","2008-12-17 20:51:51.0","xh","17","179",
"95430","http://iso.org/639-1#yi","2008-12-17 20:51:51.0","yi","17","180",
"95431","http://iso.org/639-1#yo","2008-12-17 20:51:51.0","yo","17","181",
"95432","http://iso.org/639-1#za","2008-12-17 20:51:51.0","za","17","182",
"95433","http://iso.org/639-1#zh","2008-12-17 20:51:51.0","zh","17","183",
"95434","http://iso.org/639-1#zu","2008-12-17 20:51:51.0","zu","17","184",
"94865","http://iso.org/iso3166#AD","2008-12-17 20:39:51.0","AD","13","1",
"94866","http://iso.org/iso3166#AE","2008-12-17 20:39:51.0","AE","13","2",
"94867","http://iso.org/iso3166#AF","2008-12-17 20:39:51.0","AF","13","3",
"94868","http://iso.org/iso3166#AG","2008-12-17 20:39:51.0","AG","13","4",
"94869","http://iso.org/iso3166#AI","2008-12-17 20:39:51.0","AI","13","5",
"94870","http://iso.org/iso3166#AL","2008-12-17 20:39:51.0","AL","13","6",
"94871","http://iso.org/iso3166#AM","2008-12-17 20:39:51.0","AM","13","7",
"94872","http://iso.org/iso3166#AN","2008-12-17 20:39:51.0","AN","13","8",
"94873","http://iso.org/iso3166#AO","2008-12-17 20:39:51.0","AO","13","9",
"94874","http://iso.org/iso3166#AQ","2008-12-17 20:39:51.0","AQ","13","10",
"94875","http://iso.org/iso3166#AR","2008-12-17 20:39:51.0","AR","13","11",
"94876","http://iso.org/iso3166#AS","2008-12-17 20:39:51.0","AS","13","12",
"94877","http://iso.org/iso3166#AT","2008-12-17 20:39:51.0","AT","13","13",
"94878","http://iso.org/iso3166#AU","2008-12-17 20:39:51.0","AU","13","14",
"94879","http://iso.org/iso3166#AW","2008-12-17 20:39:51.0","AW","13","15",
"94880","http://iso.org/iso3166#AX","2008-12-17 20:39:51.0","AX","13","16",
"94881","http://iso.org/iso3166#AZ","2008-12-17 20:39:51.0","AZ","13","17",
"94882","http://iso.org/iso3166#BA","2008-12-17 20:39:51.0","BA","13","18",
"94883","http://iso.org/iso3166#BB","2008-12-17 20:39:51.0","BB","13","19",
"94884","http://iso.org/iso3166#BD","2008-12-17 20:39:51.0","BD","13","20",
"94885","http://iso.org/iso3166#BE","2008-12-17 20:39:51.0","BE","13","21",
"94886","http://iso.org/iso3166#BF","2008-12-17 20:39:51.0","BF","13","22",
"94887","http://iso.org/iso3166#BG","2008-12-17 20:39:51.0","BG","13","23",
"94888","http://iso.org/iso3166#BH","2008-12-17 20:39:51.0","BH","13","24",
"94889","http://iso.org/iso3166#BI","2008-12-17 20:39:51.0","BI","13","25",
"94890","http://iso.org/iso3166#BJ","2008-12-17 20:39:51.0","BJ","13","26",
"94891","http://iso.org/iso3166#BL","2008-12-17 20:39:51.0","BL","13","27",
"94892","http://iso.org/iso3166#BM","2008-12-17 20:39:51.0","BM","13","28",
"94893","http://iso.org/iso3166#BN","2008-12-17 20:39:51.0","BN","13","29",
"94894","http://iso.org/iso3166#BO","2008-12-17 20:39:51.0","BO","13","30",
"94895","http://iso.org/iso3166#BR","2008-12-17 20:39:51.0","BR","13","31",
"94896","http://iso.org/iso3166#BS","2008-12-17 20:39:51.0","BS","13","32",
"94897","http://iso.org/iso3166#BT","2008-12-17 20:39:51.0","BT","13","33",
"94898","http://iso.org/iso3166#BV","2008-12-17 20:39:51.0","BV","13","34",
"94899","http://iso.org/iso3166#BW","2008-12-17 20:39:51.0","BW","13","35",
"94900","http://iso.org/iso3166#BY","2008-12-17 20:39:51.0","BY","13","36",
"94901","http://iso.org/iso3166#BZ","2008-12-17 20:39:51.0","BZ","13","37",
"94902","http://iso.org/iso3166#CA","2008-12-17 20:39:51.0","CA","13","38",
"94903","http://iso.org/iso3166#CC","2008-12-17 20:39:51.0","CC","13","39",
"94904","http://iso.org/iso3166#CD","2008-12-17 20:39:51.0","CD","13","40",
"94905","http://iso.org/iso3166#CF","2008-12-17 20:39:51.0","CF","13","41",
"94906","http://iso.org/iso3166#CG","2008-12-17 20:39:51.0","CG","13","42",
"94907","http://iso.org/iso3166#CH","2008-12-17 20:39:51.0","CH","13","43",
"94908","http://iso.org/iso3166#CI","2008-12-17 20:39:51.0","CI","13","44",
"94909","http://iso.org/iso3166#CK","2008-12-17 20:39:51.0","CK","13","45",
"94910","http://iso.org/iso3166#CL","2008-12-17 20:39:51.0","CL","13","46",
"94911","http://iso.org/iso3166#CM","2008-12-17 20:39:51.0","CM","13","47",
"94912","http://iso.org/iso3166#CN","2008-12-17 20:39:51.0","CN","13","48",
"94913","http://iso.org/iso3166#CO","2008-12-17 20:39:51.0","CO","13","49",
"94914","http://iso.org/iso3166#CR","2008-12-17 20:39:51.0","CR","13","50",
"94915","http://iso.org/iso3166#CU","2008-12-17 20:39:51.0","CU","13","51",
"94916","http://iso.org/iso3166#CV","2008-12-17 20:39:51.0","CV","13","52",
"95101","http://iso.org/iso3166#VN","2008-12-17 20:39:51.0","VN","13","237",
"95102","http://iso.org/iso3166#VU","2008-12-17 20:39:51.0","VU","13","238",
"95103","http://iso.org/iso3166#WF","2008-12-17 20:39:51.0","WF","13","239",
"95104","http://iso.org/iso3166#WS","2008-12-17 20:39:51.0","WS","13","240",
"95105","http://iso.org/iso3166#YE","2008-12-17 20:39:51.0","YE","13","241",
"95106","http://iso.org/iso3166#YT","2008-12-17 20:39:51.0","YT","13","242",
"95107","http://iso.org/iso3166#YU","2008-12-17 20:39:51.0","YU","13","243",
"95108","http://iso.org/iso3166#ZA","2008-12-17 20:39:51.0","ZA","13","244",
"95109","http://iso.org/iso3166#ZM","2008-12-17 20:39:51.0","ZM","13","245",
"95110","http://iso.org/iso3166#ZW","2008-12-17 20:39:51.0","ZW","13","246",
"95111","http://rs.tdwg.org/dwc/dwctype/PreservedSpecimen","2008-12-16 20:31:07.0","preservedspecimen","14","1",
"95112","http://rs.tdwg.org/dwc/dwctype/FossilSpecimen","2008-12-16 20:31:07.0","fossilspecimen","14","2",
"95113","http://rs.tdwg.org/dwc/dwctype/LivingSpecimen","2008-12-16 20:31:07.0","livingspecimen","14","3",
"95114","http://rs.tdwg.org/dwc/dwctype/HumanObservation","2008-12-16 20:31:07.0","humanobservation","14","4",
"95115","http://rs.tdwg.org/dwc/dwctype/MachineObservation","2008-12-16 20:31:07.0","machineobservation","14","5",
"95116","http://rs.tdwg.org/dwc/dwctype/StillImage","2008-12-16 20:31:07.0","stillimage","14","6",
"95117","http://rs.tdwg.org/dwc/dwctype/MovingImage","2008-12-16 20:31:07.0","movingimage","14","7",
"95118","http://rs.tdwg.org/dwc/dwctype/Sound","2008-12-16 20:31:07.0","sound","14","8",
"95119","http://rs.tdwg.org/dwc/dwctype/PhysicalObject","2008-12-16 20:31:07.0","physicalobject","14","9",
"95120","http://rs.tdwg.org/dwc/dwctype/ICBN","2008-12-16 20:31:07.0","icbn","15","1",
"95121","http://rs.tdwg.org/dwc/dwctype/ICZN","2008-12-16 20:31:07.0","iczn","15","2",
"95122","http://rs.tdwg.org/dwc/dwctype/BC","2008-12-16 20:31:07.0","bc","15","3",
"95123","http://rs.tdwg.org/dwc/dwctype/ICNCP","2008-12-16 20:31:07.0","icncp","15","4",
"95124","http://rs.tdwg.org/dwc/dwctype/BioCode","2008-12-16 20:31:07.0","biocode","15","5",
"95125","http://rs.tdwg.org/ontology/voc/TaxonRank#Kingdom","2008-10-12 23:44:52.0","kingdom","16","1",
"95126","http://rs.tdwg.org/ontology/voc/TaxonRank#Phylum","2008-10-12 23:44:52.0","phylum","16","2",
"95127","http://rs.tdwg.org/ontology/voc/TaxonRank#Division","2008-10-12 23:44:56.0","division","16","3",
"95128","http://rs.tdwg.org/ontology/voc/TaxonRank#Class","2008-10-12 23:44:53.0","class","16","4",
"95129","http://rs.tdwg.org/ontology/voc/TaxonRank#Subclass","2008-10-12 23:44:53.0","subclass","16","5",
"95130","http://rs.tdwg.org/ontology/voc/TaxonRank#Order","2008-10-12 23:44:54.0","order","16","6",
"95131","http://rs.tdwg.org/ontology/voc/TaxonRank#Family","2008-10-12 23:44:55.0","family","16","7",
"95132","http://rs.tdwg.org/ontology/voc/TaxonRank#Genus","2008-10-12 23:44:55.0","genus","16","8",
"95133","http://rs.tdwg.org/ontology/voc/TaxonRank#Subgenus","2008-10-12 23:44:55.0","subgenus","16","9",
"95134","http://rs.tdwg.org/ontology/voc/TaxonRank#Tribe","2008-10-12 23:44:55.0","tribe","16","10",
"95135","http://rs.tdwg.org/ontology/voc/TaxonRank#Species","2008-10-12 23:44:56.0","species","16","11",
"95136","http://rs.tdwg.org/ontology/voc/TaxonRank#Aggregate","2008-10-12 23:44:56.0","aggregate","16","12",
"95137","http://rs.tdwg.org/ontology/voc/TaxonRank#Subspecies","2008-10-12 23:44:56.0","subspecies","16","13",
"95138","http://rs.tdwg.org/ontology/voc/TaxonRank#Variety","2008-10-12 23:44:56.0","variety","16","14",
"95139","http://rs.tdwg.org/ontology/voc/TaxonRank#Cultivar","2008-10-12 23:44:56.0","cultivar","16","15",
"95140","http://rs.tdwg.org/ontology/voc/TaxonRank#Gigafamily","2008-10-12 23:44:55.0","gigafamily","16","16",
"95141","http://rs.tdwg.org/ontology/voc/TaxonRank#Microorder","2008-10-12 23:44:55.0","microorder","16","17",
"95142","http://rs.tdwg.org/ontology/voc/TaxonRank#Parvorder","2008-10-12 23:44:55.0","parvorder","16","18",
"95143","http://rs.tdwg.org/ontology/voc/TaxonRank#Nanorder","2008-10-12 23:44:54.0","nanorder","16","19",
"95144","http://rs.tdwg.org/ontology/voc/TaxonRank#Suborder","2008-10-12 23:44:54.0","suborder","16","20",
"95145","http://rs.tdwg.org/ontology/voc/TaxonRank#Minorder","2008-10-12 23:44:54.0","minorder","16","21",
"95146","http://rs.tdwg.org/ontology/voc/TaxonRank#Hypoorder","2008-10-12 23:44:54.0","hypoorder","16","22",
"95147","http://rs.tdwg.org/ontology/voc/TaxonRank#Hyperfamily","2008-10-12 23:44:55.0","hyperfamily","16","23",
"95148","http://rs.tdwg.org/ontology/voc/TaxonRank#Infraorder","2008-10-12 23:44:55.0","infraorder","16","24",
"95149","http://rs.tdwg.org/ontology/voc/TaxonRank#Superfamily","2008-10-12 23:44:55.0","superfamily","16","25",
